N,K,N2,CRC_for_ABP,DampFixed,SNR,testFrames,errorFrames,FER,BER,IT
128,96,5,12,0.02,1.00,1000,939,9.390000e-01,4.699000e-01,95.7000
128,96,5,12,0.02,1.50,1000,894,8.940000e-01,4.465000e-01,92.3120
128,96,5,12,0.02,2.00,1000,773,7.730000e-01,3.851000e-01,83.3490
128,96,5,12,0.02,2.50,1000,604,6.040000e-01,3.024000e-01,69.8890
128,96,5,12,0.02,3.00,1000,411,4.110000e-01,2.056000e-01,52.7810
128,96,5,12,0.02,3.50,1000,220,2.200000e-01,1.093000e-01,34.1920
128,96,5,12,0.02,4.00,1000,134,1.340000e-01,6.746000e-02,25.9220
128,96,5,12,0.04,1.00,1000,435,4.350000e-01,2.176000e-01,55.3740
128,96,5,12,0.04,1.50,1000,253,2.530000e-01,1.273000e-01,39.0510
128,96,5,12,0.04,2.00,1000,97,9.700000e-02,4.874000e-02,23.7150
128,96,5,12,0.04,2.50,1500,51,3.400000e-02,1.717000e-02,15.8590
128,96,5,12,0.04,3.00,6200,50,8.065000e-03,4.000000e-03,11.3920
128,96,5,12,0.04,3.50,52400,50,9.542000e-04,4.644000e-04,8.9380
128,96,5,12,0.04,4.00,389100,50,1.285000e-04,6.339000e-05,7.2430
128,96,5,12,0.06,1.00,1000,256,2.560000e-01,1.282000e-01,38.5840
128,96,5,12,0.06,1.50,1000,141,1.410000e-01,7.088000e-02,26.2710
128,96,5,12,0.06,2.00,1300,52,4.000000e-02,2.019000e-02,14.7720
128,96,5,12,0.06,2.50,3900,52,1.333000e-02,6.760000e-03,10.3540
128,96,5,12,0.06,3.00,14800,50,3.378000e-03,1.701000e-03,7.8730
128,96,5,12,0.06,3.50,135600,50,3.687000e-04,1.817000e-04,6.2310
128,96,5,12,0.06,4.00,1029500,51,4.954000e-05,2.494000e-05,5.0800
128,96,5,12,0.08,1.00,1000,233,2.330000e-01,1.169000e-01,34.7220
128,96,5,12,0.08,1.50,1000,109,1.090000e-01,5.458000e-02,22.2740
128,96,5,12,0.08,2.00,1500,52,3.467000e-02,1.729000e-02,12.3790
128,96,5,12,0.08,2.50,5400,50,9.259000e-03,4.687000e-03,8.2590
128,96,5,12,0.08,3.00,20900,51,2.440000e-03,1.191000e-03,6.1580
128,96,5,12,0.08,3.50,201000,50,2.488000e-04,1.250000e-04,4.8910
128,96,5,12,0.08,4.00,1798900,50,2.779000e-05,1.404000e-05,4.0020
128,96,5,12,0.10,1.00,1000,216,2.160000e-01,1.084000e-01,33.1080
128,96,5,12,0.10,1.50,1000,109,1.090000e-01,5.467000e-02,20.8370
128,96,5,12,0.10,2.00,1400,50,3.571000e-02,1.801000e-02,11.0360
128,96,5,12,0.10,2.50,6300,50,7.937000e-03,3.962000e-03,7.0440
128,96,5,12,0.10,3.00,31300,50,1.597000e-03,7.571000e-04,5.1540
128,96,5,12,0.10,3.50,193400,50,2.585000e-04,1.291000e-04,4.1050
128,96,5,12,0.10,4.00,2334300,50,2.142000e-05,1.073000e-05,3.3640
128,96,5,12,0.12,1.00,1000,210,2.100000e-01,1.056000e-01,31.4920
128,96,5,12,0.12,1.50,1000,105,1.050000e-01,5.237000e-02,19.8980
128,96,5,12,0.12,2.00,1600,50,3.125000e-02,1.551000e-02,10.0410
128,96,5,12,0.12,2.50,6400,52,8.125000e-03,4.009000e-03,6.3650
128,96,5,12,0.12,3.00,33800,50,1.479000e-03,6.980000e-04,4.5320
128,96,5,12,0.12,3.50,249400,50,2.005000e-04,9.945000e-05,3.5880
128,96,5,12,0.12,4.00,2197300,50,2.276000e-05,1.116000e-05,2.9440
128,96,5,12,0.15,1.00,1000,223,2.230000e-01,1.121000e-01,32.1380
128,96,5,12,0.15,1.50,1000,92,9.200000e-02,4.608000e-02,18.1370
128,96,5,12,0.15,2.00,1500,51,3.400000e-02,1.705000e-02,9.6930
128,96,5,12,0.15,2.50,6100,50,8.197000e-03,4.097000e-03,5.7020
128,96,5,12,0.15,3.00,32900,50,1.520000e-03,7.241000e-04,3.9660
128,96,5,12,0.15,3.50,220500,50,2.268000e-04,1.147000e-04,3.0800
128,96,5,12,0.15,4.00,2215800,50,2.257000e-05,1.132000e-05,2.5290
128,96,5,12,0.20,1.00,1000,223,2.230000e-01,1.119000e-01,32.2390
128,96,5,12,0.20,1.50,1000,112,1.120000e-01,5.643000e-02,19.8050
128,96,5,12,0.20,2.00,1500,53,3.533000e-02,1.770000e-02,9.4550
128,96,5,12,0.20,2.50,6000,50,8.333000e-03,4.172000e-03,5.2150
128,96,5,12,0.20,3.00,35600,50,1.404000e-03,6.633000e-04,3.4550
128,96,5,12,0.20,3.50,175100,50,2.856000e-04,1.420000e-04,2.6110
128,96,5,12,0.20,4.00,2011100,50,2.486000e-05,1.250000e-05,2.1290
128,96,10,12,0.02,1.00,1000,935,9.350000e-01,4.680000e-01,189.9690
128,96,10,12,0.02,1.50,1000,876,8.760000e-01,4.370000e-01,180.7070
128,96,10,12,0.02,2.00,1000,753,7.530000e-01,3.749000e-01,160.0550
128,96,10,12,0.02,2.50,1000,592,5.920000e-01,2.960000e-01,130.6300
128,96,10,12,0.02,3.00,1000,385,3.850000e-01,1.930000e-01,92.8900
128,96,10,12,0.02,3.50,1000,192,1.920000e-01,9.600000e-02,55.1250
128,96,10,12,0.02,4.00,1000,120,1.200000e-01,6.041000e-02,39.0200
128,96,10,12,0.04,1.00,1000,411,4.110000e-01,2.059000e-01,97.9890
128,96,10,12,0.04,1.50,1000,243,2.430000e-01,1.218000e-01,64.3180
128,96,10,12,0.04,2.00,1000,82,8.200000e-02,4.184000e-02,32.1970
128,96,10,12,0.04,2.50,1800,50,2.778000e-02,1.398000e-02,18.8070
128,96,10,12,0.04,3.00,8000,50,6.250000e-03,3.095000e-03,12.1490
128,96,10,12,0.04,3.50,78700,50,6.353000e-04,3.122000e-04,9.0180
128,96,10,12,0.04,4.00,462300,50,1.082000e-04,5.378000e-05,7.2570
128,96,10,12,0.06,1.00,1000,236,2.360000e-01,1.183000e-01,63.6620
128,96,10,12,0.06,1.50,1000,132,1.320000e-01,6.590000e-02,40.2700
128,96,10,12,0.06,2.00,1300,50,3.846000e-02,1.954000e-02,19.1940
128,96,10,12,0.06,2.50,5200,50,9.615000e-03,4.804000e-03,11.5450
128,96,10,12,0.06,3.00,22500,50,2.222000e-03,1.083000e-03,8.1100
128,96,10,12,0.06,3.50,261600,50,1.911000e-04,9.497000e-05,6.2610
128,96,10,12,0.06,4.00,2038900,50,2.452000e-05,1.238000e-05,5.0820
128,96,10,12,0.08,1.00,1000,197,1.970000e-01,9.878000e-02,55.7030
128,96,10,12,0.08,1.50,1000,90,9.000000e-02,4.523000e-02,32.0240
128,96,10,12,0.08,2.00,1900,52,2.737000e-02,1.382000e-02,16.0650
128,96,10,12,0.08,2.50,7300,50,6.849000e-03,3.428000e-03,9.0590
128,96,10,12,0.08,3.00,54300,50,9.208000e-04,4.470000e-04,6.2030
128,96,10,12,0.08,3.50,517800,50,9.656000e-05,4.669000e-05,4.9190
128,96,10,12,0.08,4.00,3740300,50,1.337000e-05,6.726000e-06,4.0060
128,96,10,12,0.10,1.00,1000,174,1.740000e-01,8.705000e-02,52.7400
128,96,10,12,0.10,1.50,1000,84,8.400000e-02,4.201000e-02,30.1850
128,96,10,12,0.10,2.00,1900,53,2.789000e-02,1.433000e-02,14.0410
128,96,10,12,0.10,2.50,9300,50,5.376000e-03,2.665000e-03,7.7060
128,96,10,12,0.10,3.00,84600,50,5.910000e-04,2.929000e-04,5.1860
128,96,10,12,0.10,3.50,728600,50,6.862000e-05,3.338000e-05,4.1150
128,96,10,12,0.10,4.00,5708200,50,8.759000e-06,4.440000e-06,3.3660
128,96,10,12,0.12,1.00,1000,175,1.750000e-01,8.730000e-02,51.9370
128,96,10,12,0.12,1.50,1000,83,8.300000e-02,4.154000e-02,28.3600
128,96,10,12,0.12,2.00,2400,52,2.167000e-02,1.106000e-02,13.3000
128,96,10,12,0.12,2.50,10900,50,4.587000e-03,2.257000e-03,6.8370
128,96,10,12,0.12,3.00,90900,50,5.501000e-04,2.734000e-04,4.5600
128,96,10,12,0.12,3.50,738900,50,6.767000e-05,3.313000e-05,3.5970
128,96,10,12,0.12,4.00,6701800,50,7.461000e-06,3.659000e-06,2.9450
128,96,10,12,0.15,1.00,1000,177,1.770000e-01,8.856000e-02,51.3440
128,96,10,12,0.15,1.50,1000,77,7.700000e-02,3.853000e-02,28.9790
128,96,10,12,0.15,2.00,2200,50,2.273000e-02,1.150000e-02,12.0500
128,96,10,12,0.15,2.50,12400,50,4.032000e-03,2.026000e-03,6.1900
128,96,10,12,0.15,3.00,98500,50,5.076000e-04,2.507000e-04,3.9800
128,96,10,12,0.15,3.50,747900,50,6.685000e-05,3.234000e-05,3.0920
128,96,10,12,0.15,4.00,8263000,50,6.051000e-06,3.004000e-06,2.5300
128,96,10,12,0.20,1.00,1000,188,1.880000e-01,9.424000e-02,53.6980
128,96,10,12,0.20,1.50,1000,83,8.300000e-02,4.136000e-02,29.7810
128,96,10,12,0.20,2.00,2600,53,2.038000e-02,1.026000e-02,12.4080
128,96,10,12,0.20,2.50,11200,50,4.464000e-03,2.218000e-03,5.7750
128,96,10,12,0.20,3.00,78400,50,6.378000e-04,3.156000e-04,3.5000
128,96,10,12,0.20,3.50,739100,50,6.765000e-05,3.353000e-05,2.6220
128,96,10,12,0.20,4.00,8292700,50,6.029000e-06,2.946000e-06,2.1300
128,96,15,12,0.02,1.00,1000,934,9.340000e-01,4.673000e-01,283.2430
128,96,15,12,0.02,1.50,1000,879,8.790000e-01,4.387000e-01,269.5200
128,96,15,12,0.02,2.00,1000,747,7.470000e-01,3.720000e-01,236.4280
128,96,15,12,0.02,2.50,1000,576,5.760000e-01,2.881000e-01,189.2120
128,96,15,12,0.02,3.00,1000,372,3.720000e-01,1.858000e-01,130.3730
128,96,15,12,0.02,3.50,1000,186,1.860000e-01,9.290000e-02,74.3870
128,96,15,12,0.02,4.00,1000,106,1.060000e-01,5.332000e-02,50.7240
128,96,15,12,0.04,1.00,1000,397,3.970000e-01,1.988000e-01,137.1160
128,96,15,12,0.04,1.50,1000,228,2.280000e-01,1.141000e-01,87.2090
128,96,15,12,0.04,2.00,1000,78,7.800000e-02,3.968000e-02,40.1820
128,96,15,12,0.04,2.50,1900,51,2.684000e-02,1.345000e-02,22.0570
128,96,15,12,0.04,3.00,9900,50,5.051000e-03,2.479000e-03,12.5420
128,96,15,12,0.04,3.50,95800,50,5.219000e-04,2.595000e-04,9.0830
128,96,15,12,0.04,4.00,737500,50,6.780000e-05,3.398000e-05,7.2580
128,96,15,12,0.06,1.00,1000,229,2.290000e-01,1.156000e-01,87.0010
128,96,15,12,0.06,1.50,1000,113,1.130000e-01,5.670000e-02,51.7650
128,96,15,12,0.06,2.00,1300,51,3.923000e-02,1.985000e-02,23.4880
128,96,15,12,0.06,2.50,6000,50,8.333000e-03,4.175000e-03,12.5750
128,96,15,12,0.06,3.00,40200,50,1.244000e-03,6.053000e-04,8.1680
128,96,15,12,0.06,3.50,377400,50,1.325000e-04,6.478000e-05,6.2830
128,96,15,12,0.06,4.00,3374200,50,1.482000e-05,7.301000e-06,5.0860
128,96,15,12,0.08,1.00,1000,182,1.820000e-01,9.103000e-02,74.9190
128,96,15,12,0.08,1.50,1000,89,8.900000e-02,4.458000e-02,43.2870
128,96,15,12,0.08,2.00,2100,53,2.524000e-02,1.303000e-02,19.2700
128,96,15,12,0.08,2.50,10600,50,4.717000e-03,2.395000e-03,9.5400
128,96,15,12,0.08,3.00,77400,50,6.460000e-04,3.191000e-04,6.2400
128,96,15,12,0.08,3.50,590700,50,8.465000e-05,4.070000e-05,4.9290
128,96,15,12,0.08,4.00,7540700,50,6.631000e-06,3.290000e-06,4.0060
128,96,15,12,0.10,1.00,1000,161,1.610000e-01,8.058000e-02,69.7370
128,96,15,12,0.10,1.50,1000,77,7.700000e-02,3.898000e-02,39.4950
128,96,15,12,0.10,2.00,2600,53,2.038000e-02,1.028000e-02,16.8920
128,96,15,12,0.10,2.50,12900,52,4.031000e-03,2.025000e-03,8.2030
128,96,15,12,0.10,3.00,105900,50,4.721000e-04,2.329000e-04,5.2860
128,96,15,12,0.10,3.50,819000,51,6.227000e-05,3.059000e-05,4.1250
128,96,15,12,0.10,4.00,9813800,50,5.095000e-06,2.494000e-06,3.3670
128,96,15,12,0.12,1.00,1000,155,1.550000e-01,7.778000e-02,68.5730
128,96,15,12,0.12,1.50,1000,68,6.800000e-02,3.398000e-02,36.1430
128,96,15,12,0.12,2.00,2800,50,1.786000e-02,8.988000e-03,14.9620
128,96,15,12,0.12,2.50,13000,50,3.846000e-03,1.959000e-03,7.4700
128,96,15,12,0.12,3.00,108600,50,4.604000e-04,2.251000e-04,4.6300
128,96,15,12,0.12,3.50,1038500,50,4.815000e-05,2.309000e-05,3.6050
128,96,15,12,0.12,4.00,10313700,50,4.848000e-06,2.395000e-06,2.9460
128,96,15,12,0.15,1.00,1000,158,1.580000e-01,7.954000e-02,69.9400
128,96,15,12,0.15,1.50,1000,57,5.700000e-02,2.872000e-02,33.9740
128,96,15,12,0.15,2.00,2900,51,1.759000e-02,8.962000e-03,14.4610
128,96,15,12,0.15,2.50,13000,50,3.846000e-03,1.941000e-03,6.8280
128,96,15,12,0.15,3.00,121600,50,4.112000e-04,2.027000e-04,4.0360
128,96,15,12,0.15,3.50,1265200,50,3.952000e-05,1.960000e-05,3.0970
128,96,15,12,0.15,4.00,12540600,50,3.987000e-06,1.992000e-06,2.5320
128,96,15,12,0.20,1.00,1000,161,1.610000e-01,8.041000e-02,70.6800
128,96,15,12,0.20,1.50,1000,76,7.600000e-02,3.785000e-02,38.9270
128,96,15,12,0.20,2.00,2200,51,2.318000e-02,1.171000e-02,15.0960
128,96,15,12,0.20,2.50,14300,51,3.566000e-03,1.774000e-03,6.5380
128,96,15,12,0.20,3.00,113300,50,4.413000e-04,2.185000e-04,3.5760
128,96,15,12,0.20,3.50,1071000,50,4.669000e-05,2.300000e-05,2.6320
128,96,15,12,0.20,4.00,14563600,50,3.433000e-06,1.714000e-06,2.1310